movieId,title,genre
1,Snickare sökers,Snickare 
2,Sjuksköterska till Norge,Sjuksköterska 
3,Sjuksköterska Capio Novakliniken Gärsnäs - Simrishamn,Sjuksköterska 
4,Sjuksköterska Skåne Stadsmission,Sjuksköterska 
5,"Sjuksköterska Sektor socialtjänst, HSL - Nordmaling",Sjuksköterska 
6,"Sjuksköterska Capio Närsjukvård, Capio Novakliniken Marinan",Sjuksköterska 
7,Sjuksköterska SKHLM Vårdcentral AB ,Sjuksköterska 
8,"Sjuksköterska kommun, Hemtjänstområde Västra",Sjuksköterska 
9,Sjuksköterska Region ,Sjuksköterska 
10,Sjuksköterska Agaten hemtjänst ,Sjuksköterska 
11,Sjuksköterska Uppsala kommun,Sjuksköterska 
12,"Sjuksköterska Sjukhusen i väster, Geriatrik, neurologi",Sjuksköterska 
13,Sjuksköterska Eduredo AB ,Sjuksköterska 
14,Sjuksköterska Eduredo AB ,Sjuksköterska 
15,Sjuksköterska EduredSverige,Sjuksköterska 
16,Sjuksköterska Närsjukhuset Österlen,Sjuksköterska 
17,Sjuksköterska Wasa Vårdcentra,Sjuksköterska 
18,Sjuksköterska Capio Närsjukvård,Sjuksköterska 
19,Sjuksköterska Överkalix kommun ,Sjuksköterska 
20,Sjuksköterska strokeavdelning Stroke,Sjuksköterska 
21,Sjuksköterska Uppvakningsavdelningen,Sjuksköterska 
22,Sjuksköterska Ögonmottagning,Sjuksköterska 
23,Sjuksköterska natt,Sjuksköterska 
24,Sjuksköterska bemanningsenheten,Sjuksköterska 
25,Sjuksköterska specialistsjuksköterska,Sjuksköterska 
26,Sjuksköterska hemsjukvård,Sjuksköterska 
27,Sjuksköterska semestervikariat,Sjuksköterska 
28,Sjuksköterska geriatrik,Sjuksköterska 
29,Legitimerad sjuksköterska,Sjuksköterska 
30,Sjuksköterska Hemsjukvården,Sjuksköterska 
31,Sjuksköterska vikariat,Sjuksköterska 
32,Sjuksköterska sökes,Sjuksköterska 
33,"Rehabkoordinator, sjuksköterska",Sjuksköterska 
34,"Sjuksköterska, SSK",Sjuksköterska 
35,Sjuksköterska LSS,Sjuksköterska 
36,Sjuksköterska Ortopedkliniken,Sjuksköterska 
37,Sjuksköterska psykiatri,Sjuksköterska 
38,Sjuksköterska äldreomsorg,Sjuksköterska 
39,Sjuksköterska timanställning,Sjuksköterska 
40,"Sjuksköterska, Medicin/HIA",Sjuksköterska 
41,Sjuksköterska akutmottagningen Region Värmland,Sjuksköterska 
42,"Sjuksköterska, akutmottagningen",Sjuksköterska 
43,Välkommen Sjuksköterska!,Sjuksköterska 
44,Sjuksköterska Hemsjukvård,Sjuksköterska 
45,Legitimerad Sjuksköterska,Sjuksköterska 
46,Sjuksköterska Diabetes,Sjuksköterska 
47,Sommarjobb sjuksköterska,Sjuksköterska 
48,Sjuksköterska dialysen,Sjuksköterska 
49,Sjuksköterska Nattjänstgöring,Sjuksköterska 
50,Sjuksköterska Ortopeden,Sjuksköterska 
51,Snickare Peab Byggservice,Snickare 
52,Snickare AB Byggprojket,Snickare 
53,Snickare Kök & Inredning,Snickare 
54, Snickare Nettuno Bygg & Transport,Snickare 
55,Snickare Ouazzani Invest AB ,Snickare 
56,Snickare LN Personal AB,Snickare 
57,Snickare Storstockholm -,Snickare 
58,Snickare Gestricia bygg & service AB ,Snickare 
59,Snickare Piteå Kommun,Snickare 
60,Snickare Scandinavian Internet Group AB,Snickare 
61,Snickare CG-Byggen AB,Snickare 
62,Snickare Karlstad,Snickare 
63,Snickare WorkWeb,Snickare 
64,Snickare ByggConstruct AB,Snickare 
65,Snickare Hekuri Svets & Montage AB,Snickare 
66,Snickare Jatic Bygg AB,Snickare 
67,Snickare Style Bygg Land,Snickare 
68,Snickare All Snickeri & Design ,Snickare 
69,Snickare Dryft Sverige,Snickare 
70,Snickare Bygg & BadrumsPartner,Snickare 
71,Snickare RSH Bostad AB,Snickare 
72,Snickare sökes ExpanderaMera Byggbemanning ,Snickare 
73, Snickare Göteborg Bang & Nielsen AB ,Snickare 
74,"självgående -, snickare A Partners AB",Snickare 
75,Snickare sökes Montiga AB,Snickare 
76,Snickare +40 GOveteran,Snickare 
77,Snickare Träarbetare D & B Bygg AB ,Snickare 
78,Snickare sökes Danderyds Konsult,Snickare 
79,Snickare sökes! Hty Bygg,Snickare 
80,Snickare bygg Lnkw Entreprenad,Snickare 
81,Söker snickare Opazo Herrera Juan,Snickare 
82,"Snickare sökes N L AB, Byggbolaget ",Snickare 
83,Erfaren Snickare Stockholm GOveteran,Snickare 
84,Snickare (Servissnickare) ,Snickare 
85,Ecobygg söker snickare Ecobygh,Snickare 
86,Snickare utan yrkesbevis,Snickare 
87,Snickare Fiddes Bygg,Snickare 
88,"självgående -, serviceinriktad snickare",Snickare 
89,Snickare med erfarenhet,Snickare 
90,Snickare till Malmöregionen,Snickare 
91,Snickare i fjällen!,Snickare 
92,Snickare sökes (65770),Snickare 
93,Snickare / Carpenter,Snickare 
94, TopWork söker duktiga snickare,Snickare 
95,Snickare och Rivningsarbetare sökes,Snickare 
96,Erfaren Träarbetare Snickare sökes,Snickare 
97,Snickare till Byggpojken AB,Snickare 
98,Snickare sökes i borås,Snickare 
99,3 stycken snickare sökes,Snickare 
100,Snickare sökes för omgående start!,Snickare 
101,"Vi söker 2-3 självgående -, snickare",Snickare 
102,Duktiga SNICKARE sökes till företaget,Snickare 
103,"självgående -, snickare med erfarenhet sökes",Snickare 
104,Göteborgs roligaste byggföretag söker snickare,Snickare 
105,Snickare med ansvar och eget driv!,Snickare 
106,Snickare som vill ha ny utmaning,Snickare 
107,Yrkeskunniga snickare sökes till framtida uppdrag,Snickare 
108,Vi söker seniora snickare i Partille,Snickare 
109,Snickare för kommande behov,Snickare 
110,Snickare till Klingsta Hus & Modul AB,Snickare 
111,Tingsryds bostsäder söker Projektanställning snickare,Snickare 
112,Göteborgs Skärgård som arbetsplats? Snickare för direktrekrytering sökes!,Snickare 
113,Söker nu ytterligare två snickare till ett vårt goa gäng,Snickare 
114,TopWork söker industrisnickare,Snickare 
115,TopWork söker montör till träindustrin,Snickare 
116,Servicesnickare till A-team!,Snickare 
117,Vi söker trähusarbetare,Snickare 
118,Fönsterrenoverare,Snickare 
119,Träarbetare,Snickare 
120,Grovsnickare /Segeltorp,Snickare 
121,Grovsnickare/ Hägersten,Snickare 
122,Produktionsmedarbetare till träindustri i Anneberg,Snickare 
123,Vi söker fabrikssnickare,Snickare 
124,Träarbetare sökes till kortare uppdrag i Örebro,Snickare 
125,Snickare/träarbetare sökas,Snickare 
126,Erfaren träarbetare,Snickare 
127,Träarbetare sökes till uppdrag i hela Sverige,Snickare 
128,Fönstörmontörer till Sthlm-Norrort,Snickare 
129,Serviceinriktad och ansvarsfull hantverkare sökes!,Snickare 
130,Snickare/BAS,Snickare 
131,Vill du jobba som fabrikssnickare på Nock Massiva Trähus?,Snickare 
132, Vill du jobba som fabrikssnickare på Nock Massiva Trähus?,Snickare 
133,Duktig Servicesnickare - stabilt företag - Borås,Snickare 
134,Servicesnickare direktrekrytering,Snickare 
135,Bygnadsarbetare för Brandsäkring till Dawson,Snickare 
136,Fönster arbete,Snickare 
137,Produktion och Installation av PVC fönster,Snickare 
138,Träarbetare sökes till uppdrag i Örebro,Snickare 
139,Traktamente runt om i landet,Snickare 
140,Kanalreparatör,Snickare 
141,Erfaren Snickare/byggare sökes,Snickare 
142,Trämontör till kund i Växjö,Snickare 
143,Götenehus söker produktionspersonal,Snickare 
144,Hansa Bygg söker snickare/träarbetare till byggservice,Snickare 
145,Trähusarbetare,Snickare 
146,Trähusarbetare,Snickare 
147,Driven entreprenadsnickare till Höglandet,Snickare 
148,Prefabsnickare,Snickare 
149,Snickare/Fasad murare,Snickare 
150,Snickare/ Byggstädare,Snickare 
151,Butikssäljare till Träbiten Byggvaror,Snickare 
152,Servicesnickare till växande byggföretag i norrort,Snickare 
153,Sjuksköterska till Gotland,Sjuksköterska 
154,Sjuksköterska Vårdcentralen Ellenbogen,Sjuksköterska 
155,"Sjuksköterska, Onkologmottagningen Falun",Sjuksköterska 
156,Sjuksköterska till Halmstad,Sjuksköterska 
157,"Sjuksköterska Kirurgmottagningen, Falun",Sjuksköterska 
158,Sjuksköterska till Kalmar,Sjuksköterska 
159,Sjuksköterska till Gotland,Sjuksköterska 
160,Sjuksköterska till Kronoberg,Sjuksköterska 
161,Sjuksköterska till AVA/30C,Sjuksköterska 
162,Sjuksköterska till covidavdelning,Sjuksköterska 
163,Sjuksköterska till strokeavdelning,Sjuksköterska 
164,Sjuksköterska till akutmottagning,Sjuksköterska 
165,Sjuksköterska till Primärvårdsuppdrag,Sjuksköterska 
166,"Sjuksköterska, psykiatriska öppenvården",Sjuksköterska 
167,Sjuksköterska till kirurgavdelning,Sjuksköterska 
168,Sjuksköterska till Akutmottagningen,Sjuksköterska 
169,Sjuksköterska till resursen,Sjuksköterska 
170,Sjuksköterska - Psykiatri,Sjuksköterska 
171,Sjuksköterska till hemsjukvårdsenhet,Sjuksköterska 
172,Sjuksköterska till Barnkliniken,Sjuksköterska 
173,Sjuksköterska till Hemsjukvården,Sjuksköterska 
174,Sjuksköterska Sjukvårdens larmcentral,Sjuksköterska 
175,Sommarvikariat - Sjuksköterska,Sjuksköterska 
176,Sjuksköterska inom LSS,Sjuksköterska 
177,Distriktsjuksköterska/ Sjuksköterska ASIH,Sjuksköterska 
178,Sjuksköterska till Skövde,Sjuksköterska 
179,Sjuksköterska till hjärtavdelning,Sjuksköterska 
180,Sjuksköterska till Varberg,Sjuksköterska 
181,Leg sjuksköterska Kattrumpstullen,Sjuksköterska 
182,Sjuksköterska till vårdcentral,Sjuksköterska 
183,Sjuksköterska till akutmottagningen,Sjuksköterska 
184,Sjuksköterska till Patienthotellet,Sjuksköterska 
185,"Sjuksköterska, dialysavdelningen, Lycksele",Sjuksköterska 
186,Sjuksköterska till Värmland Dedicare AB,Sjuksköterska 
187,Sjuksköterska till akutvårdsavdelningen,Sjuksköterska 
188,Sjuksköterska till hemsjukvården,Sjuksköterska 
189,Sjuksköterska Psykiatrimottagning Malung,Sjuksköterska 
190,Sjuksköterska ASIH Södertälje,Sjuksköterska 
191,Sjuksköterska Dialysmottagning Bollnäs,Sjuksköterska 
192,sjuksköterska till socialpsykiatrin,Sjuksköterska 
193,Legitimerad sjuksköterska natt,Sjuksköterska 
194,Sjuksköterska till ortopedmottagningen,Sjuksköterska 
195,Sjuksköterska till neurologiavdelningen,Sjuksköterska 
196,Leg. Sjuksköterska natt,Sjuksköterska 
197,Sjuksköterska till dialysmottagningen,Sjuksköterska 
198,Sjuksköterska med nattjänstgöring,Sjuksköterska 
199,Jourhavande sjuksköterska joursjukvård,Sjuksköterska 
200,Sjuksköterska för specialuppdrag,Sjuksköterska 
201,Sjuksköterska till rehabavdelningen,Sjuksköterska 
202,Sjuksköterska till vårdavdelning!,Sjuksköterska 
203,Sjuksköterska till Hemsjukvården,Sjuksköterska 
204,Lastbilsförare,Lastbilsförare 
205,Åkeri söker lastbilsförare (CE),Lastbilsförare 
206,Lastbilsförare B och C körkort,Lastbilsförare 
207,Lastbilschaufför CE-behörighet till Transport och Fordon i Lund,Lastbilsförare 
208,Lastbilschaufför,Lastbilsförare 
209,Lastbilschaufför med CE-kort i Örebro,Lastbilsförare 
210,Direktsäljande lastbilschaufför,Lastbilsförare 
211,Lastbilschaufför - Kranväxlare,Lastbilsförare 
212,Lastbilschaufför sökes,Lastbilsförare 
213,Distributionschaufför Skellefteå,Lastbilsförare 
214,Lastbilschaufför med lagervana,Lastbilsförare 
215,Lastbilschaufför,Lastbilsförare 
216,Spolbilschaufförer sökes,Lastbilsförare 
217,Lastbilschaufför Lastväxlare,Lastbilsförare 
218,Kran/lastbilschaufför,Lastbilsförare 
219,Lasbilschaufför,Lastbilsförare 
220,Chaufför med CE-kort sökes!,Lastbilsförare 
221,Mångsidig Lastbilschaufför,Lastbilsförare 
222,Lastbilschaufför,Lastbilsförare 
223,Vi söker duktiga lastbilschaufför!,Lastbilsförare 
224,Vill du bli en lastbilschaufför? Nu har du chansen!,Lastbilsförare 
225,"Semestervikarierande busschaufförer, lastbilschaufförer och maskinförare",Lastbilsförare 
226,"Semestervikarierande busschaufförer, lastbilschaufförer och maskinförare",Lastbilsförare 
227,"Semestervikarierande busschaufförer, lastbilschaufförer och maskinförare",Lastbilsförare 
228,C Chaufför med YKB,Lastbilsförare 
229,Sökes C-Chaufför som önskar jobba som betongpumpmaskinist!,Lastbilsförare 
230,Fazer Bageri söker säljare till Umeå,Lastbilsförare 
231,Nu söker vi en driven C- chaufför till vår kund i Växjö,Lastbilsförare 
232,Distributionschaufför med C-KORT för omgående anställning i TRELLEBORG,Lastbilsförare 
233,"Utlastare / Chaufför natt CE-kort, Sundsvall",Lastbilsförare 
234,"Chaufför, 100%",Lastbilsförare 
235,Erfaren CE-Chaufför sökes för heltidstjänst i Härryda!,Lastbilsförare 
236,Lastväxlarchaufför i Stockholm,Lastbilsförare 
237,"Produktionsenhetsansvarig – Återvinningsmiljöer, kärl och rum.",Lastbilsförare 
238,"C-chaufför med truckkort sökes på deltid, Karlskoga",Lastbilsförare 
239,Lastväxlarchaufför till avfallstransporter,Lastbilsförare 
240,CE-korts chaufför natt,Lastbilsförare 
241,Serviceinriktad renhållningschaufför med c-kort,Lastbilsförare 
242,Serviceinriktad renhållningschaufför med c-kort,Lastbilsförare 
243,CE-chaufförer sökes för start omgående,Lastbilsförare 
244,Polfärskt Örebro söker säljande distributör,Lastbilsförare 
245,Chaufför med C-behörighet + YKB,Lastbilsförare 
246,Kranbilschaufför/Bärgare,Lastbilsförare 
247,C-Chaufförer på deltid till Thomas Betong,Lastbilsförare 
248,Chaufför biltransport CE kort,Lastbilsförare 
249,Erfaren säljare med C-kort till Trollhättan,Lastbilsförare 
250,Erfaren säljare med C-kort till Uddevalla,Lastbilsförare 
251,Distributionschaufför - C och CE-behörighet,Lastbilsförare 
252,Claessons Transport AB söker erfarna CE-chaufförer!,Lastbilsförare 
253,Erfaren CE-sjåfør søkes til langsiktig oppdrag i Tromsø!,Lastbilsförare 
254,TopWork söker C-chaufför...,Lastbilsförare 
255,Betongbilschaufför,Lastbilsförare 
256,Ser du etter en ekstrajobb som distribusjonssjåfør?,Lastbilsförare 
257,Sökes C-Chaufför som önskar jobba som betongpumpmaskinist!,Lastbilsförare 
258,Dragbil chaufför,Lastbilsförare 
259,Biltransportör Jönköping,Lastbilsförare 
260,CE chaufför i Västerås,Lastbilsförare 
261,CE Chaufför (daglots) sökes i Eskilstuna omgående,Lastbilsförare 
262,Lastväxlare / Schaktbil med beredskap C e,Lastbilsförare 
263,Transportarbetare sökes till Karlskoga,Lastbilsförare 
264,Personal inom Flytt och Transport - Uppsala,Lastbilsförare 
265,Återvinningschaufför i Stockholm för jobb över jul och nyår!,Lastbilsförare 
266,Chaufförer 2 st,Lastbilsförare 
267,Chaufför till Idrott och Arbetsmarknadsservice,Lastbilsförare 
268,Kranbilschaufför,Lastbilsförare 
269,CE förare sökes!,Lastbilsförare 
270,Chaufför extra/deltid med C-kort,Lastbilsförare 
271,"C-korts chaufför , Flytt och möbelmontering",Lastbilsförare 
272,Schaktbil Förare,Lastbilsförare 
273,Chaufförer sökes i Umeåområdet,Lastbilsförare 
274,C-kort chaufför för olika uppdrag,Lastbilsförare 
275,Tillsvidareanställd säljande distributör Pågen Luleå,Lastbilsförare 
276,Chaufför med c-kort.,Lastbilsförare 
277,Torrsugschaufförer sökes,Lastbilsförare 
278,C-korts chaufför sökes till Rosersberg,Lastbilsförare 
279,C/CE Chaufför sökes,Lastbilsförare 
280,Säljande distributör till [Norra Stockholm],Lastbilsförare 
281,Säljande distributör till [Norra Stockholm],Lastbilsförare 
282,"C-kortschaufför, Upplands Väsby",Lastbilsförare 
283,Fjärrchaufför - Jönköping,Lastbilsförare 
284,Spolbilsförare,Lastbilsförare 
285,Vinsta Åkeri söker förare,Lastbilsförare 
286,Uppdrag för C-kort chaufförer,Lastbilsförare 
287,Norrland Express söker CE chaufför,Lastbilsförare 
288,Förare till slam/spolbil,Lastbilsförare 
289,Chaufför - Helsingborg/Ängelholm,Lastbilsförare 
290,CE Chauffor med YKB,Lastbilsförare 
291,Bilbärgare,Lastbilsförare 
292,Chafför mellan Spanien och Stockholm CE,Lastbilsförare 
293,CE chaufförer,Lastbilsförare 
294,CE-Chaufför distribution,Lastbilsförare 
295,Vi söker spolbilstekniker och torrsugschaufför till NHS!,Lastbilsförare 
296,Lastväxlarförare,Lastbilsförare 
297,Tankbilschaufför,Lastbilsförare 
298,CE-chaufförer sökes för långsiktigt uppdrag!,Lastbilsförare 
299,Distributionsförare med CE-körkort sökes!,Lastbilsförare 
300,Duktig CE-chaufför sökes!,Lastbilsförare 
301,CE-chaufför Gävle,Lastbilsförare 
302,C/CE-chaufförer för olika uppdrag i Stockholm,Lastbilsförare 
303,Vi söker C-chaufförer med tillgång till Lastbil/Flak för kortare uppdrag.,Lastbilsförare 
304,CE chaufför Stockholm,Lastbilsförare 
305,Chaufför sökes till Skövde,Lastbilsförare 
306,Chaufför sökes till Skövde,Lastbilsförare 
307,Operatör,Operatör 
308,Maskinsnickare med inriktning Trä,Operatör 
309,Maskinoperatör/truckförare sökes till företag i Ryd!,Operatör 
310,Maskinsnickare,Operatör 
311,Snickare/ montör,Operatör 
312,Operatör,Operatör 
313,CNC Operatör,Operatör 
314,Produktionsansvarig operatör,Operatör 
315,Operatör i Mullsjö,Operatör 
316,CNC operatör längdsvarvning,Operatör 
317,CNC operatör / Maskinarbetare,Operatör 
318,Nitator söker Operatör till Måleriet,Operatör 
319,CNC operatör för kommande uppdrag,Operatör 
320,"Operatör, maskinell brodyr till Swedol-TOOLS",Operatör 
321,CNC operatör svarvning Traub TNX/TNC,Operatör 
322,Operatör till Talent Plastics Laxå AB,Operatör 
323,Operatör sökes till uppdrag i Södertälje,Operatör 
324,Operatör till varmförzinkningen på Smekab Citylife,Operatör 
325,CNC operatör för uppdrag hos kund,Operatör 
326,Operatör till SNA Europe i Lidköping,Operatör 
327,CNC operatör inom skärning till LKAB Mekaniska,Operatör 
328,Operatör inom formsprutning - Norr om Ängelholm,Operatör 
329,Svenska Retursystem AB Örebro söker Operatör Leverans,Operatör 
330,CNC Operatör / Svarvare sökes till modern maskinpark!,Operatör 
331,Ledigt jobb som operatör på färgfabrik i Arlöv,Operatör 
332,Driftig operatör för utomhusarbete till kund ,Operatör 
333,CNC LEGO SANDVIKEN söker en erfaren CNC progammerare,Operatör 
334,Vill du jobba som operatör med inriktning robotcell?,Operatör 
335,Operatör till Servicecenter för MTR Facility Management Dag och Natt,Operatör 
336,På uppdrag av vår kund Exeger söker vi nu en screenprintare!,Operatör 
337,TopWork söker hyveloperatör,Operatör 
338,Erfaren Maskinoperatör,Operatör 
339,Vi söker operatörer i Åtvidaberg,Operatör 
340,CNC-Operatör - Mönsterås - En tjänst med inslag av trä!,Operatör 
341,Maskinoperatör till Jönköping,Operatör 
342,Hyveloperatör till Bergnäset,Operatör 
343,SSAB - Underhållsoperatörer verkstadsmaskiner till SSABs centrala verkstad,Operatör 
344,Erfaren montör till Stig Wahlströms hydraulik.,Operatör 
345,Nitator söker Operatörer till Monteringen,Operatör 
346,Operatörer till Polisens kontaktcenter (PKC) i Luleå och ,Operatör 
347,CNC-Operatörer/fräsning,Operatör 
348,Maskinoperatörer,Operatör 
349,Kvalificerad CNC-Operatör sökes!,Operatör 
350,Vi söker en teknisk processoperatör!,Operatör 
351,2 operatörer sökes till Falck Räddningskår AB,Operatör 
352,På uppdrag av vår kund Exeger söker vi nu maskinoperatörer!,Operatör 
353,Maskinoperatörer till Finspång,Operatör 
354,Montör,Operatör 
355,Uniflex söker Operatörer till Nammo Sweden i Karlsborg,Operatör 
356,Process operatörer till Flexotryckpress,Operatör 
357,Erfaren operatör/ställare till expanderande produktion i Hörby,Operatör 
358,Fordonsmontör till Adient,Operatör 
359,Fordonsmontör till AdientOk,Operatör 
360,Montör/Operatör till Plasman i Göteborg,Operatör 
361,Sommarjobba på Bollsta sågverk 2021,Operatör 
362,Sågverksoperatör till Setra Hasselfors,Operatör 
363,Vi söker Operatörer,Operatör 
364,Träindustriarbetare till Derome Husproduktion i Väröbacka,Operatör 
365,Produktionspersonal Höganäs Sweden AB,Operatör 
366,Maskinoperatör norr om Ängelholm,Operatör 
367,Montör,Operatör 
368,SEMESTERVIKARIERANDE BERGARBETARE,Operatör 
369,Erfaren CNC fräsare för trä,Operatör 
370,Maskinoperatörer sökes till Norrköping.,Operatör 
371,Maskinoperatörer sökes till Finspång,Operatör 
372,Semestervikarierande Bergarbetare,Operatör 
373,Funktionsansvarig till Säkerhetsenheten,Operatör 
374,Vi söker en Kantbockare,Operatör 
375,"Vi söker svarvare, manuell",Operatör 
376,Är du vår nya CNC Operatör?,Operatör 
377,Industriarbetare för framtida uppdrag i GGVV-regionen,Operatör 
378,CNC operatörer,Operatör 
379,NOC extrajobb kväll/natt/helg,Operatör 
380,Operatörer sökes till läkemedelsföretag i Södertälje,Operatör 
381,Signaloperatör vid Särskilda sambandsenheten SSE,Operatör 
382,NORRBOTTENS BÄSTA CNC-OPERATÖR SÖKES,Operatör 
383,Just nu söker vi CNC operatörer/svarvare till kund i Kungsör,Operatör 
384,CNC Servicetekniker-Jönköping,Operatör 
385,CNC Servicetekniker,Operatör 
386,CNC Servicetekniker-Värnamo,Operatör 
387,Förare/Operatör till Infranord,Operatör 
388,Teknisk operatör vid Sektionen för operativ teknik,Operatör 
389,Maskinsnickare med inriktning,Operatör 
390,Maskinoperatör/truckförare sökes,Operatör 
391,Extrajobb som maskinoperatör,Operatör 
392,Maskinsnickare,Operatör 
393,Snickare/ montör,Operatör 
394,Operatör,Operatör 
395,Operatör,Operatör 
396,CNC Operatör,Operatör 
397,Operatör Behovsanställning,Operatör 
398,Erfaren operatör,Operatör 
399,Produktionsansvarig operatör,Operatör 
400,Operatör till säkerhetsenheten,Operatör 
401,Operatör till säkerhetsenheten,Operatör 
402,Tekniskt intresserad operatör,Operatör 
403,Operatör i Mullsjö,Operatör 
404,Ställare / Operatör,Operatör 
405,CNC operatör längdsvarvning,Operatör 
406,CNC operatör / Maskinarbetare,Operatör 
407,Läkare Närhälsan Gråbo vårdcentral,Läkare 
408,Legitimerad Läkare,Läkare 
409,Läkare Allmänmedicin,Läkare 
410,Leg. Läkare Vårdcentral Hjärtat i Helsingborg ,Läkare 
411,Legitimerad Läkare SKHLM Vårdcentral AB,Läkare 
412,Legitimerad läkare,Läkare 
413,Legitimerad läkare Region Uppsala,Läkare 
414,Läkare akutsjukvård Region Uppsala,Läkare 
415,Läkare och Specialistläkare OMSORG & BEHANDLING,Läkare 
416,Läkare och Specialistläkare,Läkare 
417,Läkare och Specialistläkare,Läkare 
418,Läkare och Specialistläkare OMSORG & BEHANDLING,Läkare 
419,Läkare och Specialistläkare OMSORG & BEHANDLING,Läkare 
420,Läkare och Specialistläkare OMSORG & BEHANDLING - Hofors,Läkare 
421,Läkare och Specialistläkare OMSORG & BEHANDLING Bollnäs,Läkare 
422,Läkare och Specialistläkare OMSORG & BEHANDLING - Åmål,Läkare 
423,Läkare och Specialistläkare OMSORG & BEHANDLING - Vänersborg,Läkare 
424,Läkare och Specialistläkare OMSORG & BEHANDLING - Vårgårda,Läkare 
425,Läkare och Specialistläkare OMSORG & BEHANDLING - Vara,Läkare 
426,Läkare och Specialistläkare OMSORG & BEHANDLING - Uddevalla,Läkare 
427,Läkare och Specialistläkare OMSORG & BEHANDLING - Töreboda,Läkare 
428,Läkare och Specialistläkare OMSORG & BEHANDLING - Tranemo,Läkare 
429,Läkare och Specialistläkare,Läkare 
430,Läkare och Specialistläkare OMSORG & BEHANDLING - Tibro,Läkare 
431,Läkare och Specialistläkare OMSORG & BEHANDLING - Strömstad,Läkare 
432,Läkare och Specialistläkare OMSORG & BEHANDLING - Forshaga,Läkare 
433,Läkare och Specialistläkare OMSORG & BEHANDLING - Stockholm,Läkare 
434,Läkare och Specialistläkare OMSORG & BEHANDLING - Sollentuna,Läkare 
435,Leg läkare och sjuksköterska ARKADENS LÄKARMOTTAGNING ,Läkare 
436,"Läkare till Vårdcentralen Degeberga Region Skåne, Primärvården",Läkare 
437,"Läkare till Södersjukhuset, spontanansökan Södersjukhuset SÖS - Stockholm",Läkare 
438,Legitimerad läkare till Sölvesborgs vårdcentral Region Blekinge,Läkare 
439,Läkare till primärvården inom Stockholm Medcura AB,Läkare 
440,Leg. Läkare sökes till bemanningsuppdrag,Läkare 
441,Leg. Läkare sökes till bemanningsuppdrag,Läkare 
442,Leg. Läkare sökes till bemanningsuppdrag Viva Bemanning - Anderstorp,Läkare 
443,Leg. Läkare sökes till bemanningsuppdrag Viva Bemanning - Arjeplog,Läkare 
444,Leg. Läkare sökes till bemanningsuppdrag Viva Bemanning - Arvika,Läkare 
445,Leg. Läkare sökes till bemanningsuppdrag Viva Bemanning - Askersund ,Läkare 
446,Leg. Läkare sökes till bemanningsuppdrag Viva Bemanning ,Läkare 
447,Leg. Läkare sökes till bemanningsuppdrag Viva Bemanning - Borlänge ,Läkare 
448,Leg. Läkare sökes till bemanningsuppdrag Viva Bemanning - Bäckefors,Läkare 
449,Leg. Läkare sökes till bemanningsuppdrag Viva Bemanning - Båstad,Läkare 
450,Leg. Läkare sökes till bemanningsuppdrag Viva Bemanning - Degerfors ,Läkare 
451,Leg. Läkare sökes till bemanningsuppdrag,Läkare 
452,Leg. Läkare sökes till bemanningsuppdrag,Läkare 
453,Leg. Läkare sökes till bemanningsuppdrag,Läkare 
454,Leg. Läkare till Järna Vårdcentral,Läkare 
455,Leg. Läkare till Järna Vårdcentral Lideta Hälsovård ,Läkare 
456,Leg. Läkare till Järna Vårdcentral Lideta Hälsovård ,Läkare 
457,Halmstad: Legitimerad Läkare till Tudorkliniken,Läkare 
458,Leg. Läkare till Järna Vårdcentral,Läkare 
459,Legitimerade läkare Särskilt boende,Läkare 
460,Läkare med specialitet inom anestesi/intensivvård,Läkare 
461,Leg. Läkare till Hofors Din hälsocentral,Läkare 
462,Leg. läkare till Solna Centrums vårdcentral,Läkare 
463,"Legitimerad läkare till Vårdcentralen Kolla, Kungsbacka",Läkare 
464,Läkare till specialiserad palliativ vård Ludvika/Smedjebacken,Läkare 
465,Legitimerad läkare sökes för spännande uppdrag,Läkare 
466,Legitimerad läkare till Solljungahälsan i Örkelljunga,Läkare 
467,Extra personal - Läkare till smittspårningsenheten,Läkare 
468,Läkare sökes till enhet för smärtrehabilitering,Läkare 
469,Leg läkare till Previa i Göteborg Hisingen,Läkare 
470,Husläkarmottagning i Täby Centrum söker Leg. Läkare,Läkare 
471,"Läkare, vikariat, till Vårdcentralen Vänhem i Hässleholm",Läkare 
472,Legitimerad läkare inför ST till Skärholmens vårdcentral,Läkare 
473,5 Husläkare i Sollentuna söker legitimerad läkare,Läkare 
474,Provtjänstgöring för läkare med examen utanför EU/EES,Läkare 
475,Legitimerad Läkare sökes för öppning ny Vårdcentral Eskilstuna,Läkare 
476,Legitimerad läkare till en vårdcentral i västar Stockholm!,Läkare 
477,Vi söker leg. läkare till ASIH Familjeläkarna Hammarbyhöjden,Läkare 
478,Leg. läkare sökes till Krys nyöppnade vårdcentral i Malmö,Läkare 
479,Leg. läkare sökes till Krys nyöppnade vårdcentral i Malmö,Läkare 
480,Leg. Läkare & allmänspecialister sökes till kombinerad tjänst på Doktor,Läkare 
481,Leg. Läkare sökes till KRYs vårdcentraler i Stockholm samt för kvälls,Läkare 
482,Specialistläkare inom kirurgi sökes till välbetalda uppdrag,Läkare 
483,Specialist i allmänmedicin till Vårdcentralen Borensberg,Läkare 
484,Vikariat underläkare till Ögonmottagningen Hudiksvall,Läkare 
485,"Psykiatriker och delägare, Falun",Läkare 
486,Underläkare (vikariat) till Achima Care Eskilstuna vårdcentral,Läkare 
487,Underläkare sökes till kombination av primärvård och digitala tjänster,Läkare 
488,Skolläkare till Kunskapsförvaltningen,Läkare 
489,"Underläkare, Kvinnokliniken",Läkare 
490,"HTA-ansvariga, Centrum för klinisk forskning",Läkare 
491,Legitimerad läkare/underläkare sökes till Råsunda vårdcentral,Läkare 
492,Barnläkare till Barn- och Ungdomskliniken i Gävle,Läkare 
493,Sem vik läkarassistent till VC Ludvika-Grängesberg,Läkare 
494,Vi söker underläkare till slutenvården!,Läkare 
495,Specialistläkare i vuxenpsykiatri med inriktning mot ADHD,Läkare 
496,"Läkarassistent, Skaraborgs Sjukhus Lidköping",Läkare 
497,"Läkarassistent, Skaraborgs Sjukhus Skövde",Läkare 
498,Psykiatriker till bemanninguppdrag med hög ersättning,Läkare 
499,Specialistläkare/ ST-läkare,Läkare 
500,Specialistläkare/överläkare till ÄlSa-team Sollefteå,Läkare 
501,Distriktsläkare,Läkare 
502,"Underläkare, ögonsjukvården",Läkare 
503,Underläkare för sommarvikariat 2021 till ASIH Stockholm Södra,Läkare 
504,Underläkare med intresse för psykiatri/rättspsykiatri,Läkare 
505,Underläkare till infektionskliniken (vikariat,Läkare 
506,Allmänspecialist Väla Hälsocenter,Läkare 
507,Distriktsläkare till Vårdcentralen Svalöv,Läkare 
508,"Överläkare till Anestesi, Sollefteå",Läkare 
509,Städare Städgiganten AB,Städare 
510, Städare Knutsberg Consulting,Städare 
511,Städare VÄSTMANLAND,Städare 
512,Städare SunClean AB ,Städare 
513,Städare Nis Kakel & Bygg ,Städare 
514,Söker städare Kiss Kitti,Städare 
515, Städare inom flyttstäd! Yones Imen,Städare 
516,Semestervikariat städare Örebro Region Örebro län,Städare 
517,Städare lokalvårdare Qazi Traders,Städare 
518,Städare sökes omgående! Happy Cleaning Skane,Städare 
519,Städare Lund med omnejd HEMSERVICE2 AB,Städare 
520,Städare allt i allo Göteborg ,Städare 
521,Städare I Uppsala Sökes Städstaden Lokalvård,Städare 
522,Städare till Vardagsfrid,Städare 
523,Lokalvårdare sökes!,Städare 
524,Lokalvård / Städare (med B-körkort),Städare 
525,Städare och Fönsterputsare till städningsteamet,Städare 
526,Green Clean söker miljömedvetna städare,Städare 
527,Städare Lokalvårdare - Idre,Städare 
528,Städare till specialen i Örebro med omnejd,Städare 
529,Städare Lokalvårdare till Ada Service Partner,Städare 
530,Städare / Lokalvårdare till Ada Service Partner,Städare 
531,Städare Lokalvårdare sökes omgående,Städare 
532,Cleaning staff for Malmö / Lund,Städare 
533,Hemservicepersonal till Lund och Malmö,Städare 
534,Cleaning staff for Malmö / Lund,Städare 
535,Lokalvårdare,Städare 
536,"Lokalvårdare, Stockholm",Städare 
537,Lokalvårdare/städerska med eget driv!,Städare 
538,Lokalvårdare och fastighetsskötare sökes,Städare 
539,Lokalvårdare,Städare 
540,Städmedarbetare till Samlad service,Städare 
541,Hemstäd/Städtjänst,Städare 
542,Vi söker städpersonal,Städare 
543,Hej student till lokalvård!,Städare 
544,Ledigt jobb som lokalvårdare inom hotellbranschen,Städare 
545,Hemrex söker städpersonal till Ystad,Städare 
546,Privat hemtjänst Service enheten Systrarna Odh Falköpin,Städare 
547,"Servicemedarbetare, sommarvikariat 2021",Städare 
548,Lokalvårdare,Städare 
549,Vi söker arbetarna!,Städare 
550,Lokalvårdare Västra Götaland,Städare 
551,Städare/lokalvårdare,Städare 
552,Motiverad städare/städerska,Städare 
553,Erfaren Hemstädare,Städare 
554,Lokalvårdare till löparuppdrag,Städare 
555,Lokalvård Sommarjobb,Städare 
556,Har du erfarenhet av städ och har bil och körkort?,Städare 
557,Lokalvård Sommarjobb,Städare 
558,Lokalvårdare/Hemstädning,Städare 
559,VIKARIE LOKALVÅRD LINKÖPING,Städare 
560,Lokalvårdare (helg) till EightRooms Hotel,Städare 
561,Extrajobb: Flyttstädning,Städare 
562,Hemstäd Västerås,Städare 
563,Hemrex söker städpersonal till Ystad/Simrishamn,Städare 
564,Servicemedarbetare Eksjö,Städare 
565,Hjälpa någon i hemmet,Städare 
566,"Städpersonal flyttstädning - Städgiganten AB, Stockholm",Städare 
567,Jobba som hemstädare på Aleva i Holmsund,Städare 
568,Lokalvårdare sökes till Tiohundra,Städare 
569,"Lokalvårdare hemstädning, Malmö",Städare 
570,Studerande lokalvårdare till Städtjänst,Städare 
571,Vi söker lokal och fordonsvårdare,Städare 
572,Timvikarie lokalvård,Städare 
573,Lokalvårdare sökes,Städare 
574,Städmedarbetare,Städare 
575,Städmedarbetare/avsynare,Städare 
576,"Lokalvårdare sökes, Spånga-Kista",Städare 
577,workfind söker lokalvårdare,Städare 
578,Nu söker vi lokalvårdare till vår kund i Oskarshamnsområdet,Städare 
579,Hemstädare,Städare 
580,Städ/Lokalvårdare,Städare 
581,Intresseanmälan Lokalvårdare med servicekänsla till Borås,Städare 
582,"Timanställd lokalvårdare till Coor, Umeå",Städare 
583,Lokalvårdare/städare,Städare 
584,Timvikare till växande familjebolag,Städare 
585,Lokalvårdare CK Hem och Trädgårdsservice,Städare 
586,Servicevärd inom vården,Städare 
587,Söker lokalvårdare/trappstädare på heltid i Stockholm - Körkort ett krav,Städare 
588,Servicevärd inom vården,Städare 
589,Städ lokalvård,Städare 
590,Lokalvårdare i Flen,Städare 
591,VIKARIER LOKALVÅRD - SÖDERKÖPING,Städare 
592,VIKARIER LOKALVÅRD TILL GAMLEBY,Städare 
593,Stolt lokalvårdare,Städare 
594,Lokalvårdare/Städare,Städare 
595,Lokalvårdare hotellstädning,Städare 
596,Servicepersonal till Ljungby sommaren 2021,Städare 
597,HEMSERVICE2 AB Lund Städare/Lokalvårdare,Städare 
598,Flyttstädare Vittent städservice,Städare 
599,Lokalvårdare /fönsterputsare,Städare 
600,Vikarierande servicemedarbetare Mora,Städare 
601,Vikarierande servicemedarbetare Mora,Städare 
602,Vikarierande servicemedarbetare Avesta,Städare 
603,Servicemedarbetare Falun,Städare 
604,Lokalvårdare på deltid,Städare 
605,Lokalvårdare Malmö,Städare 
606,Lokalvårdare Stockholm,Städare 
607,Holm Städtjänst söker serviceinriktad lokalvårdare,Städare 
608,Serviceassistent,Städare 
609,Personlig Assistent LIFE CARE ASSISTANS ,Personlig assistent 
610,Personlig Assistent Livihop AB,Personlig assistent 
611,Personlig assistent Svea Assistans ,Personlig assistent 
612,Personlig assistent Medborgarskolan,Personlig assistent 
613,Personlig assistent,Personlig assistent 
614,Personlig assistent Arjeplog kommun,Personlig assistent 
615,Personlig assistent Enköpings kommun Vård och omsorg,Personlig assistent 
616,Personlig assistent PW HUMAN CAPITAL AB,Personlig assistent 
617,Personlig assistent Varbergs kommun,Personlig assistent 
618,Personlig assistent Calluna Assistant,Personlig assistent 
619,Personlig assistent Ekens assistans AB,Personlig assistent 
620,Personlig Assistent Törnrosens Assistans AB,Personlig assistent 
621,Personlig assistent ENIGHETEN PERSONLIGASSISTANS AB,Personlig assistent 
622,Personlig assistent Assistansporten AB,Personlig assistent 
623,Personlig Assistent Novasis Mitt AB ,Personlig assistent 
624,Personlig assistent Frej Assistans,Personlig assistent 
625,Personlig Assistent Rätt och Laglig Assistans,Personlig assistent 
626,Personlig Assistent Persson Ann-Marie,Personlig assistent 
627,Personlig assistent Blå Assistans,Personlig assistent 
628,Personlig assistent Calluna Assistans,Personlig assistent 
629,Personlig assistent Max Assistans AB,Personlig assistent 
630,Personlig assistent Habo kommun,Personlig assistent 
631,Personlig assistent PW HUMAN CAPITAL AB,Personlig assistent 
632,Personlig assistent,Personlig assistent 
633,Personlig assistent TILLITS-TEAMET SVERIGE AB,Personlig assistent 
634,Personlig assistent Höganäs Omsorg AB,Personlig assistent 
635,Personlig assistent SVANEN HEMTJÄNST AKTIEBOLAG,Personlig assistent 
636,Personlig assistent Novasis Mitt AB ,Personlig assistent 
637,Personlig assistent MELLANHANDEN AB,Personlig assistent 
638,Personlig assistent SAAND Service & Omsorg AB,Personlig assistent 
639,Personlig Assistent Törnrosens Assistans AB - Västerås,Personlig assistent 
640,Personlig assistent BOOA OMSORG & ASSISTANS,Personlig assistent 
641,Personlig assistent MP ASSISTANS AB,Personlig assistent 
642,Personlig Assistent Jengla Omsorg AB ,Personlig assistent 
643,Personlig assistent Särnmark Assistans AB,Personlig assistent 
644,Personlig assistent Ekens Assistans AB,Personlig assistent 
645,Personlig Assistent Lystra personlig assistans ,Personlig assistent 
646,Personlig assistent! Lystra personlig assistans,Personlig assistent 
647,"Personlig Assistent, (Bjästa) ENKV",Personlig assistent 
648,"Personlig assistent, Malung ENIGHETEN PERSONLIG ASSISTANS AB",Personlig assistent 
649,"Personlig assistent, Malung ENIGHETEN PERSONLIG ASSISTANS AB",Personlig assistent 
650,Personlig assistent Falun/London Libra Assistans,Personlig assistent 
651,Personlig Assistent sökes INOVA ASSISTANS AB - Nacka,Personlig assistent 
652,Personlig assistent timvik LAVITA ASSISTANS AB,Personlig assistent 
653,Personlig assistent sökes Lillebo Assistans,Personlig assistent 
654,Lösningsfokuserad personlig assistent DVT Assistans AB ,Personlig assistent 
655,Personlig assistent jobjustnu Karlstad ,Personlig assistent 
656,Personlig assistent sökes 7H Assistans,Personlig assistent 
657,Personlig assistent sökes! Socialförvaltningen,Personlig assistent 
658,"Personlig assistent, Lindome Move & Walk Assistans ",Personlig assistent 
659,"Personlig assistent, 2020-241 MejDej-kooperativet",Personlig assistent 
660,Personlig assistent sökes! Södertälje Assistans AB,Personlig assistent 
661,Personlig Assistent Falun 4 Andi AB,Personlig assistent 
662,Timvikarie Personlig assistent ASSISTERA SKANDINAVIEN AB,Personlig assistent 
663,Personlig Assistent i Stockholm Rekrytering,Personlig assistent 
664,Musikintresserad personlig assistent sökes! FBA Assistans,Personlig assistent 
665,Semestervikariat som personlig assistent Uppvidinge kommun,Personlig assistent 
666,Personlig Assistent i Ludvika,Personlig assistent 
667,Personlig assistent Skellefteå (43) Din Förlängda Arm i Norr AB,Personlig assistent 
668,Personlig Assistent sovande natt,Personlig assistent 
669,Personlig assistent till Kvinna,Personlig assistent 
670,Personlig assistent sökes omgående,Personlig assistent 
671,Personlig assistent med arbetsledarskap,Personlig assistent 
672,Personlig Assistent Övertorneå Vikarie,Personlig assistent 
673,Personlig Assistent i Bjärred,Personlig assistent 
674,Personlig Assistent i Helsingborg,Personlig assistent 
675,"Timanställd Personlig Assistent, (Gnesta)",Personlig assistent 
676,Personlig Assistent i Gagnef,Personlig assistent 
677,Personlig assistent till Skövde Leva Assistans AB,Personlig assistent 
678,Personlig assistent i Södertälje,Personlig assistent 
679,"Personlig assistent, Genarp. Behovsanställning.",Personlig assistent 
680,Personlig assistent Eslövs kommun ANIMO ASSISTANS AB,Personlig assistent 
681,Personlig assistent till Barn/Ungdom,Personlig assistent 
682,Personlig assistent i Södermalm,Personlig assistent 
683,Personlig assistent i Västervik AB,Personlig assistent 
684,Personlig assistent i Kullavik,Personlig assistent 
685,Personlig Assistent i Klintehamn,Personlig assistent 
686,Personlig assistent till Motala,Personlig assistent 
687,"Personlig assistent, sjuk/semvik, Ljusdal",Personlig assistent 
688,Personlig assistent i Falkenberg.,Personlig assistent 
689,Personlig assistent sökes heltid/deltid,Personlig assistent 
690,Personlig assistent - stockholm,Personlig assistent 
691,Personlig Assistent deltid/vikarie LAHOLM,Personlig assistent 
692,Personlig Assistent heltid LAHOLM,Personlig assistent 
693,Personlig assistent vikariat föräldraledighet,Personlig assistent 
694,Personlig assistent i Sollefteå,Personlig assistent 
695,Kanonjobb som personlig assistent,Personlig assistent 
696,Möjliggörande personlig assistent tim/behov,Personlig assistent 
697,Personlig assistent i Järfälla,Personlig assistent 
698,Personlig assistent i centrala Strömstad,Personlig assistent 
699,Personlig assistent till aktiv kille!,Personlig assistent 
700,Personlig assistent till ung tjej,Personlig assistent 
701,Personlig assistent sökes till Älvsjö,Personlig assistent 
702,Personlig Assistent sökes i Växjö,Personlig assistent 
703,Personlig Assistent - Timanställd (Enskededalen),Personlig assistent 
704,Personlig assistent i Lomma sökes,Personlig assistent 
705,Personlig assistent till Cederbonds Assistans,Personlig assistent 
706,Personlig assistent med grundläggande teckenkunskaper,Personlig assistent 
707,Personlig assistent sökes till Borås,Personlig assistent 
708,Personlig Assistent extra vid behov,Personlig assistent 
709,Personlig assistent med grundläggande teckenkunskaper,Personlig assistent 
710,26-årig kille söker personlig assistent,Personlig assistent 
711,26-årig kille söker personlig assistent,Personlig assistent 
712,Utvecklare TechHamn AB,Utvecklare 
713,Utvecklare Bygghemma,Utvecklare 
714,Utvecklare LeadPilot,Utvecklare 
715,C++ utvecklare Studentwork Sverige,Utvecklare 
716,Backend utvecklare! i3tex ,Utvecklare 
717,Utvecklare .NET/C#,Utvecklare 
718,Utvecklare Java AFRY,Utvecklare 
719,Backend utvecklare Etteplan,Utvecklare 
720,Javabackend utvecklare Resurs Bank,Utvecklare 
721,Junior utvecklare Funnel AB ,Utvecklare 
722,Python- utvecklare Maxkompetens AB,Utvecklare 
723,Java utvecklare Randstad,Utvecklare 
724,Front-end utvecklare AFRY,Utvecklare 
725,Frontend Utvecklare Sopra Steri,Utvecklare 
726,Vassa utvecklare! Wise IT AB,Utvecklare 
727,JavaScript utvecklare Engulf ,Utvecklare 
728,Fullstack utvecklare PostNord Group,Utvecklare 
729,AWS utvecklare Data Ductus,Utvecklare 
730,Python- utvecklare Maxkompetens AB ,Utvecklare 
731,Cloud DevOps utvecklare Combitech AB,Utvecklare 
732,Frontend utvecklare Shopify STENBOLAGET I STOCKHOLM AB ,Utvecklare 
733,Junior utvecklare sökes! Framtiden AB,Utvecklare 
734,Wordpress/ Elementor utvecklare Göteborg,Utvecklare 
735,Databasutvecklare / Utvecklare Bravura,Utvecklare 
736,Lösningskonsult / Utvecklare Synerity AB,Utvecklare 
737,"Fullstack utvecklare, Stockholm Randstad",Utvecklare 
738,APP utvecklare Android/Iphone Infracom Communication AB,Utvecklare 
739,UTVECKLARE INOM NET Alten Sverige AB,Utvecklare 
740,Utvecklare till Affärssystem Ataio Affärssystem AB,Utvecklare 
741,Senior Java utvecklare,Utvecklare 
742,Senior utvecklare ServiceNow Centric Professionals,Utvecklare 
743,Utvecklare inom C# CaptureInnovation,Utvecklare 
744,Programmerare / Utvecklare S E O Partner Sverige AB,Utvecklare 
745,Senior Frontend utvecklare Envoi AB ,Utvecklare 
746,Utvecklare inom Test Sogeti,Utvecklare 
747,Erfaren utvecklare till Verisure Mero Rekrytering AB ,Utvecklare 
748,Utvecklare Front Arena Prime Eviture - Stockholm,Utvecklare 
749,Frontend utvecklare inom webb,Utvecklare 
750,Utvecklare Skola Arbetsliv,Utvecklare 
751,Utvecklare inom inbyggda system Mpya Sci &,Utvecklare 
752,Embedded ingenjör och utvecklare Synteda AB ,Utvecklare 
753,Java utvecklare fokus frontend Quest Consulting,Utvecklare 
754,Senior utvecklare Nodinite Testhuset - Karlstad,Utvecklare 
755,Java Utvecklare till Predictly Predictly AB,Utvecklare 
756,Java Utvecklare till Predictly Predictly AB,Utvecklare 
757,Utvecklare Dynamics 365 CE,Utvecklare 
758,Utvecklare inbyggda system,Utvecklare 
759,Utvecklare inom Business Intelligence Nethouse,Utvecklare 
760,Startup bolag söker Java utvecklare,Utvecklare 
761,UTVECKLARE INOM OBJEKTORIENTERAD PROGRAMMERING,Utvecklare 
762,PHP utvecklare inom e-handel Academic Work,Utvecklare 
763,PHP utvecklare med driftkunskap Academic Work,Utvecklare 
764,VASS UTVECKLARE INOM JAVA,Utvecklare 
765,Embedded Utvecklare,Utvecklare 
766,FULLSTACK UTVECKLARE MOT FRONTEND,Utvecklare 
767,Utvecklare till Medius Ascendo,Utvecklare 
768,Cloud utvecklare,Utvecklare 
769,Utvecklare till Evado i Luleå!,Utvecklare 
770,Utvecklare sökes till Colix Systems,Utvecklare 
771,Utvecklare som älskar att koda,Utvecklare 
772,Utvecklare AWS,Utvecklare 
773,Utvecklare Frontend JavaScript,Utvecklare 
774,Chas söker utvecklare inom DevOps,Utvecklare 
775,Utvecklare sökes till attraktivt bolag!,Utvecklare 
776,Backend utvecklare till Amanda AI,Utvecklare 
777,Utvecklare Fullstack IoT till Dasa DASA CONTROL SYSTEMS AB,Utvecklare 
778,Frontend utvecklare till Construct IT,Utvecklare 
779,Senior utvecklare med inriktning medietjänster,Utvecklare 
780,Teamlead med bakgrund som utvecklare,Utvecklare 
781,HiQ Ace söker Java utvecklare,Utvecklare 
782,Utvecklare i Uppsala,Utvecklare 
783,Tech-karriär på SEB Datadriven utvecklare,Utvecklare 
784,Utvecklare till Personalkollen i Linköping,Utvecklare 
785,Net utvecklare till prisad webbyrå,Utvecklare 
786,Utvecklare till Stockholms ledande tandvårdskedja,Utvecklare 
787,Utvecklare Office 365,Utvecklare 
788,Utvecklare inom Webb och CMS,Utvecklare 
789,Fullstack utvecklare till Crowd1,Utvecklare 
790,Utvecklare till kontoret i Skellefteå,Utvecklare 
791,Senior fullstack utvecklare till GLOMO,Utvecklare 
792,Frontend Utvecklare till Digital People,Utvecklare 
793,ISEC söker juniora utvecklare till Umeå,Utvecklare 
794,Ambitiös utvecklare sökes för stor nöjessajt,Utvecklare 
795,Frontend utvecklare till Bonava i Stockholm,Utvecklare 
796,Backend utvecklare till Bonava i Stockholm,Utvecklare 
797,Fullstack utvecklare med fokus på front,Utvecklare 
798,IAM utvecklare ,Utvecklare 
799, iOS utvecklare till ICA i Stockholm,Utvecklare 
800,Embedded utvecklare med inriktning,Utvecklare 
801,Utvecklare som vill sväva på moln KNOWIT SYD AB,Utvecklare 
802,Fullstack utvecklare till Leoware IT Solutions,Utvecklare 
803,Nyfiken på VR?,Utvecklare 
804,BI utvecklare till Aspia i Stockholm!,Utvecklare 
805,Front end utvecklare inom Business Intelligence,Utvecklare 
806,Senior utvecklare till Safeture i Lund,Utvecklare 
807,Junior utvecklare med intresse för Scala,Utvecklare 
808,Stockholm Utvecklare embedded till Synective Labs,Utvecklare 
809,Frontend utvecklare till innovativa Svea Bank,Utvecklare 
810,React Native utvecklare till prisad webbyrå,Utvecklare 
811,React Native utvecklare till prisad webbyrå,Utvecklare 
812,Undersköterska Linné Hemvård,Undersköterska 
813,Undersköterska Värnamo kommun ,Undersköterska 
814,Undersköterska Varbergs kommun,Undersköterska 
815,Undersköterska Ljungby kommun,Undersköterska 
816,Undersköterska Ljungby kommun,Undersköterska 
817,Undersköterska Västerviks kommun,Undersköterska 
818,Undersköterska Bergs kommun ,Undersköterska 
819,Undersköterska Trelleborgs kommun,Undersköterska 
820,Undersköterska Svalövs kommun,Undersköterska 
821,Undersköterska KOOPERATIVET HOTAGSFJÄRDEN,Undersköterska 
822,Undersköterska Sjösidan säbo demens,Undersköterska 
823,Undersköterska Kungsbacka kommun,Undersköterska 
824,Undersköterska Undersköterskor på Särskilt Boende,Undersköterska 
825,Undersköterska Säters kommun ,Undersköterska 
826,Undersköterska Kungsporten Hemtjänst AB ,Undersköterska 
827,Undersköterska Västerviks kommun,Undersköterska 
828,Undersköterska Markaryds kommun ,Undersköterska 
829,Undersköterska Socialförvaltningen  Vård och omsorg,Undersköterska 
830,Undersköterska Borås Stad ,Undersköterska 
831,Undersköterska Norlandia Care AB,Undersköterska 
832,Undersköterska natt Arjeplog kommun,Undersköterska 
833,Undersköterska heltid VÅRDHEMMET LUGNET AKTIEBOLAG,Undersköterska 
834,Undersköterska Mogården Eksjö kommun,Undersköterska 
835,Undersköterska hemtjänsten Eksjö kommun,Undersköterska 
836,Undersköterska korttidsboende Ronneby kommun,Undersköterska 
837,"Undersköterska, Hemtjänst Orust Kommun",Undersköterska 
838,Undersköterska hemtjänst ELLA VÅRD OCH OMSORG AB,Undersköterska 
839,Undersköterska hemtjänst Mora kommun ,Undersköterska 
840,Undersköterska Natt Attendo Sverige,Undersköterska 
841,Undersköterska natt Mora kommun ,Undersköterska 
842,Undersköterska natt Svalövs kommun,Undersköterska 
843,Finsktalande undersköterska QviMo AB,Undersköterska 
844,"Undersköterska, nattjänst Arjeplog kommun",Undersköterska 
845,Undersköterska Stenkilsgården Socialförvaltningen,Undersköterska 
846,"Undersköterska, Hammargården Strängnäs kommun",Undersköterska 
847,Undersköterska Natt Bollebygds kommun,Undersköterska 
848,Vikariat undersköterska Förenade Care,Undersköterska 
849,Undersköterska söks Solkattens hemtjänst ,Undersköterska 
850,Undersköterska Fyrklövern Orust Kommun,Undersköterska 
851,Undersköterska Hagagården Socialförvaltningen,Undersköterska 
852,Undersköterska Hagagården Socialförvaltningen,Undersköterska 
853,Sökes undersköterska 035 Vård & Omsorg AB,Undersköterska 
854,Erfaren undersköterska Suomikoti Finskt Äldrecentrum,Undersköterska 
855,Undersköterska Brunnsgården Vikariat Ljungby kommun,Undersköterska 
856,Undersköterska till Solhaga Falkenbergs kommun,Undersköterska 
857,Undersköterska till Ätranhemmet Falkenbergs kommun,Undersköterska 
858,Undersköterska till LSS-boende Humana AB ,Undersköterska 
859,Undersköterska till Solgården Omsorgsförvaltningen,Undersköterska 
860,Undersköterska till Borggården Oskarshamns kommun,Undersköterska 
861,"Undersköterska, Sictoniagården (visstidsanställning)",Undersköterska 
862,Undersköterska för hemtjänst SOLLENTUNA OMSORG AB,Undersköterska 
863,Undersköterska till Rönnebacken Osby kommun,Undersköterska 
864,Undersköterska till Rönnebacken Osby kommun,Undersköterska 
865,Undersköterska till Hemtjänsten Askersunds kommun,Undersköterska 
866,Undersköterska till demensavdelning Helsingborgs stad,Undersköterska 
867,Undersköterska hemtjänst 80-100% Aidal Careservice AB,Undersköterska 
868,Undersköterska för timvikariat Föreningen Blomsterfonden,Undersköterska 
869,Undersköterska till hemvården Helsingborgs stad ,Undersköterska 
870,Undersköterska till hemtjänsten Proffssystern i Stockholm AB,Undersköterska 
871,Undersköterska till Ehrenborg Omsorgsförvaltningen,Undersköterska 
872,"Undersköterska, natt Ljungsätra Ljungby kommun",Undersköterska 
873,Undersköterska i hemtjänst HEMTJÄNST BJÖRKHAGEN,Undersköterska 
874,Undersköterska Hemvård vikariat Social Sektor,Undersköterska 
875,"Undersköterska, ordinärt boende Kristianstads kommun ",Undersköterska 
876,Undersköterska Hemtjänst Casa Berget Ek f,Undersköterska 
877,Undersköterska till Sköllergården Hallsbergs kommun ,Undersköterska 
878,Undersköterska /Vårdbiträde Länmansgården Arvidsjaurs Kommun,Undersköterska 
879,Undersköterska till Birgittagården TioHundra AB,Undersköterska 
880,Undersköterska till hemtjänsten Förenade Care,Undersköterska 
881,Undersköterska hemtjänst Södra Socialförvaltningen Vård och omsorg Hemtjänsten Södra,Undersköterska 
882,Undersköterska till Sörgården Oskarshamns kommun,Undersköterska 
883,Undersköterska till Trygghetsteamet Räddningstjänsten Väst,Undersköterska 
884,Undersköterska i hemtjänsten Socialförvaltningen Vård och omsorg  Perstorp,Undersköterska 
885,Undersköterska hemtjänst dagtid NOGA OMSORG HANINGE AB,Undersköterska 
886,Undersköterska i Norlandia,Undersköterska 
887,Undersköterska hemtjänst dagtid NOGA OMSORG HANINGE AB,Undersköterska 
888,Undersköterska till ett äldreboende Södertälje kommun ,Undersköterska 
889,Flexibel undersköterska till demensenhet Jönköpings kommun ,Undersköterska 
890,Undersköterska till Hemvård Karlslund Örebro Kommun,Undersköterska 
891,Undersköterska till Hemvård Karlslund Örebro Kommun,Undersköterska 
892,Undersköterska till Demensavdelningen Sveg Härjedalens kommun,Undersköterska 
893,Undersköterska i hemtjänst kvällstid HEMTJÄNST BJÖRKHAGEN,Undersköterska 
894,"Undersköterska, ordinärt boende Hemtjänsten Strängnäs kommun, Hemtjänst 2 ",Undersköterska 
895,"Gläntans dagverksamhet söker undersköterska Götene kommun, ",Undersköterska 
896,Undersköterska till Fullriggarens demensavdelning,Undersköterska 
897,"Undersköterska till Hemtjänsten Osby Osby kommun, Hälsa och Välfärd ",Undersköterska 
898,"Undersköterska till Juntgården, Venjan Mora kommun",Undersköterska 
899,Undersköterska till Demenscentrum Charlottesborg Kristianstads kommun,Undersköterska 
900,Vikariat Undersköterska,Undersköterska 
901,Undersköterska till Hemvård yngre Vård och omsorgsförvaltningen,Undersköterska 
902,Undersköterska till Vallastadens vårdboende Linköpings kommun,Undersköterska 
903,Undersköterska till Uggledals äldreboende,Undersköterska 
904,Undersköterska till Berga vårdboende Linköpings kommun ,Undersköterska 
905,Undersköterska natt Villa Viktoria Mörbylånga Kommun,Undersköterska 
906,Undersköterska till Hemtjänst Vittsjö Omsorgsförvaltningen,Undersköterska 
907,Undersköterska till Fredriksdals omvårdnadsboende Karlskrona kommun ,Undersköterska 
908,Undersköterska till Hedegårdens korttidsverksamhet Tanums Kommun,Undersköterska 
909,Tvåspråkig undersköterska till Karlslundsgården Örebro Kommun,Undersköterska 
910,Rådomsgården AB söker undersköterska,Undersköterska 
911,Rådomsgården AB söker undersköterska,Undersköterska 
912,Lärare i Grundskolan år 4-6 Vansbro kommun,Lärare i grundskolan 
913,Lärare i grundskolan årskurs 3-5 Motala kommun,Lärare i grundskolan 
914,Lärare i grundskolan årskurs 1,Lärare i grundskolan 
915,Teacher Science Biology Chemistry Physics Technology,Lärare i grundskolan 
916,Teacher English Ages 10 13,Lärare i grundskolan 
917,Lärare åk 4,Lärare i grundskolan 
918,Lärare Svenska Agila School AB ,Lärare i grundskolan 
919,Lärare Svenska,Lärare i grundskolan 
920,Vi söker lärare i F,Lärare i grundskolan 
921,Lärare MA/NO åk 7,Lärare i grundskolan 
922,Grundskollärare åk 2 Karlshovsskolan,Lärare i grundskolan 
923,Grundskollärare åk 2,Lärare i grundskolan 
924,Grundskollärare Grillbyskolan F,Lärare i grundskolan 
925,Grundskolelärare i ämnet matematik 4,Lärare i grundskolan 
926,Vi söker en lärare till åk 4 på Vittra Lambohov,Lärare i grundskolan 
927,Söker en lärare till åk 4 ,Lärare i grundskolan 
928,Lärare till åk 3 på Vittra Lambohov,Lärare i grundskolan 
929,Lärare till åk 1 på Vittra Lambohov,Lärare i grundskolan 
930,SVA Lärare till D,Lärare i grundskolan 
931,Lärare till åk 4,Lärare i grundskolan 
932,Grundskollärare till Hallsta skola,Lärare i grundskolan 
933,Lärare i matematik och NO,Lärare i grundskolan 
934,Lärare i matematik,Lärare i grundskolan 
935,SFI lärare sökes till lördagsundervisning,Lärare i grundskolan 
936,SFI lärare,Lärare i grundskolan 
937,Lärare i engelska åk Uppsala kommun,Lärare i grundskolan 
938,Grundskollärare åk till Gemöskolan Älmhults kommun,Lärare i grundskolan 
939,Grundskollärare åk till Gemös,Lärare i grundskolan 
940,Lågstadielärare i åk 2,Lärare i grundskolan 
941,Futuraskolan International Gåshaga Skola ,Lärare i grundskolan 
942,Grundskollärare i åk till Täfteå skola,Lärare i grundskolan 
943,Grundskollärare i åk 6,Lärare i grundskolan 
944,Förskollärare lärare i yngre åldrar ,Lärare i grundskolan 
945,Lärare i matematik!,Lärare i grundskolan 
946,Lärare i MaNo åk 1 till Skulltorps ,Lärare i grundskolan 
947,Lärare i Ma No i Partille,Lärare i grundskolan 
948,Vittra Västra Hamnen söker lärare i NO åk 4,Lärare i grundskolan 
949,Vi söker en speciallärare i svenska till Vittra Västra Hamnen skola,Lärare i grundskolan 
950,MYP Swedish Language Acquisition Teacher,Lärare i grundskolan 
951,Lärare i Idrott och Hälsa till Slottsskolan 7,Lärare i grundskolan 
952,Lärare till grundsärskolan,Lärare i grundskolan 
953,Lärare i musik till Storviken ,Lärare i grundskolan 
954,Lärare i musik till Sörgårdsskolan,Lärare i grundskolan 
955,Ämneslärare franska Byskeskolan,Lärare i grundskolan 
956,Lärare i Svenska åk 4 Engelska Skolan Täby,Lärare i grundskolan 
957,Grundlärare,Lärare i grundskolan 
958,Senior math teacher to IES Västerås,Lärare i grundskolan 
959,English & Math Junior Teacher to IES Västerås,Lärare i grundskolan 
960,Arbeta som lärarvikarie i låg,Lärare i grundskolan 
961,Fler lärarvikarier i högstadiet i Burlöv,Lärare i grundskolan 
962,Vi söker fler flexibla lärarvikarier för arbete på skolor i Stockholms,Lärare i grundskolan 
963,Vi söker fler vikarier till högstadiet i Härryda,Lärare i grundskolan 
964,Vi söker fler lärarvikarier till  Härryda,Lärare i grundskolan 
965,Flexibelt och utvecklande extrajobb som lärarvikarie på låg och mellans,Lärare i grundskolan 
966,Till våren söker vi fler vikarier till låg och mellanstadie i Göteborg Bemannia ,Lärare i grundskolan 
967,Vi söker vi fler vikarier till Bemannia ,Lärare i grundskolan 
968,Arbeta som lärarvikarie på skolor i Norra Göteborg,Lärare i grundskolan 
969,Vikariera på högstadiet i Göteborg under vårterminen,Lärare i grundskolan 
970,Legitimerad och relationsskapande lärare ,Lärare i grundskolan 
971,Lärare i idrott och hälsa vid Altorpskolan,Lärare i grundskolan 
972,Grundskollärare Ma No till Munkhätteskolan,Lärare i grundskolan 
973,Förstelärare åk 7 engelska till Munkhätteskolan,Lärare i grundskolan 
974,Förstelärare åk 9 engelska till Munkhätteskolan,Lärare i grundskolan 
975,Förstelärare med inriktning Ma åk 4,Lärare i grundskolan 
976,Intresseanmälan VT-21,Lärare i grundskolan 
977,Lärare i teknik till Gökstensskolan,Lärare i grundskolan 
978,Lärarvikariat i idrott och hälsa,Lärare i grundskolan 
979,Lärare Svenska som andra språk SVA,Lärare i grundskolan 
980,Lärare SVA,Lärare i grundskolan 
981,Vi söker lärarkonsulter år 7,Lärare i grundskolan 
982,HÖGRE LÖN som LÄRARE,Lärare i grundskolan 
983,Lärare åk 6 PIPERiS,Lärare i grundskolan 
984,Lärare åk 6 PIPERiS,Lärare i grundskolan 
985,Lärare i Idrott till Minervaskolan,Lärare i grundskolan 
986,Allakando läxhjälp Malmö,Lärare i grundskolan 
987,En lärare som undervisar i Engelska samt Svenska och Sva,Lärare i grundskolan 
988,Grundskollärare för åk 7,Lärare i grundskolan 
989,Lärare i åk 1 till Alborga Skola,Lärare i grundskolan 
990,Lärare i ENG åk 4,Lärare i grundskolan 
991,Lärare Fagernäs skola,Lärare i grundskolan 
992,"Lärare i franska, heltid till två skolor i Södertälje",Lärare i grundskolan 
993,Lärare årskurs 4–,Lärare i grundskolan 
994,Vikarierande lärare i matematik och no,Lärare i grundskolan 
995,Lärare Ma/NO till Nyvångskolan åk 4,Lärare i grundskolan 
996,Textilslöjdlärare till Sörgårdsskolan,Lärare i grundskolan 
997,Lärare i ma och fysik,Lärare i grundskolan 
998,Lärare i slöjd till Adolfsbergsskolan ,Lärare i grundskolan 
999,Lärare i TM slöjd,Lärare i grundskolan 
1000,Lärare åk 4 Ma NO,Lärare i grundskolan 
1001,Lärare åk 5 Ma NO,Lärare i grundskolan 
1002,Stretereds Grundsärskola 6,Lärare i grundskolan 
1003,Stretereds Grundsärskola 9,Lärare i grundskolan 
1004,Högakustenskolan söker lärare till mellanstadiet,Lärare i grundskolan 
1005,Lärare till åk 5 Bjäkenbackens skola,Lärare i grundskolan 
1006,Lärare i Samhällsorienterade ämnen,Lärare i grundskolan 
1007,"Vi behöver dig, driven och engagerad lärare i fritidshem till Rannebergssko",Lärare i grundskolan 
1008,Tingsryds kommun söker förstelärare till Dackeskolan,Lärare i grundskolan 
1009,Vi söker högstadielärare i matte & NO,Lärare i grundskolan 
1010,Ämneslärare,Lärare i grundskolan 