Id,Namn,Yrke
1,Per Gustafsson,Bussförare
2,Lena Andersson,Säljare
3,Anders Karlsson,Kundtjänstmedarbetare
4,Ahmed Farah,Läkare
5,Ola Manfred,Kock
6,Sara Kimball,Butiksbiträde
7,Annie Neither,Köksbiträde
8,Mark Heja,Lärare i grundskolan
9,Eva Johansson,Lärare i grundskolan
10,Erik Larsson,Lärare i grundskolan
11,Ali Ramalah,Lärare i grundskolan
12,Anna Helin,Lärare i grundskolan
13,Irma Johansson,Lärare i grundskolan
14,Karin Johansson ,Lastbil förare
15,Johan Olsson,Lastbil förare
16,karin Karlsson,Lastbil förare
17,Maria Olsson,Lastbil förare
18,Jan Andersson,Mäklare
19,Mikael Nilsson,Mäklare
20,Kristina Nilsson,Operatör
21,Lars Svensson ,Operatör
22,Anders Karlsson,Personlig assistent
23,Maria Nilsson,Personlig assistent
24,Fatima Jama,Personlig assistent
25,Andreas Holo,Personlig assistent
26,Yaye Fiidow,Personlig assistent
27,Mimmi Maryan,Personlig assistent
28,Peter Eriksson,Sjuksköterska
29,Ursula Bengtsson,Sjuksköterska
30,Siri Adamo,Sjuksköterska
31,Mary Gibert,Sjuksköterska
32,Adam Mark,Sjuksköterska
33,Sofia Said ,Sjuksköterska
34,Anna Andersson,Snickare
35,Emma Nilsson,Snickare
36,Ingrid Larsson,Snickare
37,Hassan Jama,Snickare
38,Mikael Persson,Städare
39,Thomas Svensson,Städare
40,Sara Olsson,Städare
41,Lars Karlsson,Städare
42,Leah Olsson,Städare
43,Janne Marks,Undersköterska
44,Lina Hansson,Undersköterska
45,Rakel Alsm,Undersköterska
46,Lo Andersson,Undersköterska
47,Glen Johansson,Undersköterska
48,Fatima Mohair,Undersköterska
49,Sarah Najaf,Utvecklare
50,Owen Sten,Utvecklare
51,Jason Mole,Utvecklare
52,Lai Koh,Utvecklare